{
  "project_info": {
    "project_number": "457172081271",
    "project_id": "flutter-notifications-40ca6",
    "storage_bucket": "flutter-notifications-40ca6.appspot.com"
  },
  "client": [
    {
      "client_info": {
        "mobilesdk_app_id": "1:457172081271:android:68d797ac39b2a771908472",
        "android_client_info": {
          "package_name": "com.mubashir.firebase_notifications"
        }
      },
      "oauth_client": [],
      "api_key": [
        {
          "current_key": "AIzaSyB8X7so-MdTzijWxvNGWX1QCCk5-ABd1WA"
        }
      ],
      "services": {
        "appinvite_service": {
          "other_platform_oauth_client": []
        }
      }
    }
  ],
  "configuration_version": "1"
}